sample_id,source_line_number,source_record_sha256,title,text,star_rating,correct_sentiment,user_id,asin,parent_asin,timestamp,verified_purchase,helpful_vote,images
1,1637,d41fd1da8fe69c737a75cc89bdc8966839c8cbdb6e33c9f25aa82db698bb6e52,Love it,Love the ease of adding to my kindle,5.0,POSITIVE,AHHKGA3XHBYTI22H6V54ACMNCABA,B00IX1I3G6,B00IX1I3G6,1510747586243,True,0,[]
2,2184,95cf2cbf9a2d8dc9f0acf8538a83a8ccc68d588708d05132f7b1d7f35b1c7519,Easy quick loading,SO easy to load these from the comfort of your home. Fast and fool proof. Thank you Amazon.,5.0,POSITIVE,AEVNBQJ4UDPB2XOKARS3YSC42MJQ,B00IX1I3G6,B00IX1I3G6,1452994937000,True,1,[]
3,2555,5a5837843f336bfabbb8b246d9a5d6e0b7907fab96ff9b0c02566d0a937a4b04,5 stars,It's as described.  I would purchase this again.<br /><br />I'm only writing this because Amazon won't let me just rate purchases by stars anymore... which makes me not want to rate purchases as often as I did in the past.,5.0,POSITIVE,AEYSRMNHEFRH2T7CMBGZCAWQWALA,B07193NQ2P,B07193NQ2P,1558906649312,True,0,[]
4,3767,cbec309180633647c44eba6007e1b5a58ca096a9a2814b8ce621248d94a0afcf,Too beat up to give as a gift,"Gift card seems fine but the green card it was partially mounted to was in bad condition (bent, faded, etc).  Makes you wonder if the card will work or if the number has been stolen.  Even though it comes with a receipt, I'm still nervous to give it as a gift.",2.0,NEGATIVE,AEY26J27F47CVAVJW65YVVNJALTQ,B00VF0N90M,B00VF0N3KI,1512501905015,True,0,[]
5,5512,217855474156e9ed65c70725709a6b2fd6b059488e27a6deb935bc65ca8aa590,Great Buy,My friend loved this gift card and the store!,5.0,POSITIVE,AGURZJTVXRU4KJ6MYNRJBI6BP5TA,B00BXQIKDE,B00BXQIGA6,1556681356816,True,0,[]
6,10015,8ab4946ecec415d728af732db2bbfdea03c8897a9a0fbb4f4f325869cecb7610,Who sent it?,Nice way t send a Christmas gift. Only difficulty is no notice is included so the recipient does not know whom it came from.,3.0,NEUTRAL,AH3XPUFR7TPKF7R6D44JPWCKKPAA,B0091JKU5Q,B00ADR2LV6,1452254849000,True,0,[]
7,11093,bf7bd05ffcba4c32ce868c9390b50dbf8d5ae9148953f33b4d847e990f05a4f3,Fun to receive,Birthday gift cute packaging.,5.0,POSITIVE,AG2VRGSGYX3EHYWNQED7FRSAVMXA,B01C9MW8Z6,B00JFBLZ90,1554953868440,True,0,[]
8,12211,2508710cf18bb0aac5674eaef3bdcaccc4e34c4d780f63778bcc11ed5cf8d1b1,Worst item ever,No one would let you use tbem I got stuck with 700 gift cards was able to pay directv with the,1.0,NEGATIVE,AH6WYTO2A65XCTKRNAKJSQ66IINQ,B01MSBQB1P,B01MSBQB1P,1521090667926,True,1,[]
9,13231,3dc42b19399399a634a55a62216a8aeefc3922b09ff6346301c72a7c760e1b62,Good,Good,3.0,NEUTRAL,AGEGLCUT4CM2L3HETBOQM66IIVYQ,B094ZBGQNH,B094Z7GGXV,1638722750297,True,0,[]
10,13695,623a5b4d9a95dc87e10a848e6eed325ad09f4adf38dceb42c70b460d524e0e16,Hmm,wasnt reloaded with the correct amouny,1.0,NEGATIVE,AGXTZJJ4DXOU5LBN7MQEQMU5UPXA,B00IX1I3G6,B00IX1I3G6,1579183788948,True,0,[]
11,14987,37790f72e24653dec5b746189a612456e2b385f59cc31783b30d8f390ccac6f2,Doesn't always work,It has a balance but can;t use in certain places,3.0,NEUTRAL,AFIJH3GN462UNVMWDKSDPAITERUQ,B01MSBQB1P,B01MSBQB1P,1673290996078,True,0,[]
12,16425,8c1aac848fc1cf9cd33c41b87957c133ef68317b4a4b8bf5bfd9ddb29b41768d,Very nice tin,Very pretty presentation,5.0,POSITIVE,AH5VAKCT2UGPZJIPXSXCIITO4FAA,B01K8RJDEI,B00ADR2LV6,1580953025381,True,0,[]
13,17867,ec896c6f98a376d58a4c91e5e02223c85af7682692d3a749883b2ba65a72cce1,This is cool! You pay for a amazon gift card then you get a free envelope and card to go with it!,This is cool! You pay for a amazon gift card then you get a free envelope and card to go with it! Gift giving made easy. This is good when you want to buy gifts in advance to throw into your amazon cart or simply have on hand when you need to celebrate someones special day. The gift card is a physical card too.,5.0,POSITIVE,AFM5CAHBIDRGFDRNZDMNA57XNYOA,B0773F7JG9,B0773F7JG9,1571787498834,True,0,[]
14,18484,7651a7b7b8bbb0a58084f760363957c1a2dd579e1745848519eb3a400addb367,Box was dented & I did not get my $10 Amazon credit,I ordered this gift card as a Christmas present and the box was dented & I did not get my $10 Amazon credit,3.0,NEUTRAL,AGP6MFYNSYECIMHPV7QZDPE4HH5Q,B0091JKY0M,B0091JKY0M,1394480804000,True,0,[]
15,20814,051c2bb9ee34027cdfe503299d26e280a644bcefc57b26f4d8cf5013313596d3,Lable the value.,We bought 3 cards of different values and we could figure out which one was what. Needs to be labeled values,3.0,NEUTRAL,AGKXPSEGOTLROKZV5RSUDS5K5RDQ,B0719C5P56,B0719C5P56,1578716736325,True,1,[]
16,21139,2fbf1daa96997b1f832a68aef454a587b2ae7c880a6ec5026e9f65eec9206816,she loved it.,Given as a gift to a hard core QVC shopper...she loved it.,5.0,POSITIVE,AFEORVCK3VBYDJ6RG3LOZSIYUVNA,B00OR54DES,B00OR547DA,1515335659317,True,0,[]
17,22686,87f786ebdb677446cabd3a9d1d118cae73f1b60162a4a583a82acfe2dc8b613f,Decent novelty restaurant,"Been here a few times, the location in Orlando. The food is alright, but over priced for what it is. Seems to not matter if they are busy or dead, always takes forever for ever step of the process. The Ice cream is very good though.",3.0,NEUTRAL,AHDTUE5VN5KAWUBYU5UD55DVLRHA,B00GRLGF6O,B00GRLGF6O,1473685859000,True,2,[]
18,23869,5263e37c99572276dc6df92653b0380e41246661030811e9ada8f48675d61512,Just a gift,Was a gift,3.0,NEUTRAL,AFSUAWLWQG5H2EW5VZP3EMUQWXDQ,B0091JKU5Q,B00ADR2LV6,1513467231150,True,0,[]
19,25309,c2726078df42845b892db1dafe63af6247f948152e29212b5899ea63332bd4e1,Not for California.,No Ruby Tuesday's in California.,1.0,NEGATIVE,AEPJ4ALQHTWKPYZZ6JLHKYCKGYPQ,B006PJHPV2,B00BXLVUZO,1548215194086,True,0,[]
20,27676,a205c7cfe0dc0d5882aaa64d8671437f3555d6d3f2c2f7f2000b46c3486b7193,Why is Amazon prompting me to review this?,"Why is this even listed among the things Amazon wants me to review?<br />I reloaded my Amazon gift card balance, that's it.<br /><br />Why only three stars? Well, because if you pay attention to the five-star system, three stars is meant to be &#34;neutral,&#34; neither good nor bad.<br />I paid to reload my gift card, I reloaded my gift card, end of story. I got the exact service I paid to get... nothing more. And unlike a &#34;product&#34; (including many a free ebook) this doesn't require me to invest any time in using it... except the time I'm spending writing a review.",3.0,NEUTRAL,AGJ77XLWAFB55ZILCE3TFYWNGERA,B00IX1I3G6,B00IX1I3G6,1458056827000,True,20,[]
21,28212,f280fb873ee544f6660ad28bdfec262dc03dd8cc97b8db740ba3b0484f3e5dc6,Quick Delivery,"Delivered when promised, easy to purchase.<br />Perfect gift for that person who has everything",5.0,POSITIVE,AE3DBLFHMOXRYZPBEQ5Q5B2Y62XA,B071VCQJ24,B018F4M89S,1672777766253,True,0,[]
22,28594,e8dba5fd3981691205ee906ea30ebce2b2d72dc7fcaa4a00b6311cf788ead902,Five Stars,love the packaging,5.0,POSITIVE,AFCHAJ3DNIATZCCR5RFPBL4EAEUQ,B01JQSP498,B01B3FCTX6,1530051059209,True,0,[]
23,29451,4572f6dd2f87184bb0f9a40c403f67faa3bef83ce69f78b2ac2e354a53b5e07b,Five Stars,Great gift idea,5.0,POSITIVE,AGDVYL2H3WQASKJFYBHAR25FRI4A,B01K8RMDO0,B077N4CNVJ,1528080094551,True,0,[]
24,29706,44a232fdb913f9c6cfae44680a1dad48e90df0a8995a6b939780831e68f525ea,Some issues,My sister did mot even recognize it was from me due to lack of labels and such,3.0,NEUTRAL,AGUPYXNXOHAE67CDFV5SHK77OODA,B0719C5P56,B0719C5P56,1640379984856,True,1,[]
25,30594,8014b421f172ac274e665846722edc2cd54e6b86f13d6ccea73d83128d058a2a,What a complete waste of money,"Why does Amazon show 4.5 stars for this gift card?  Its very hard to use at a golf course if you can find a course that will honor it.  And if you decide to use it on merchandise instead, the prices and shipping are both inflated.",1.0,NEGATIVE,AFZPIBZS6NAEEVD2WIQHWCG2E42Q,B07WRT8KQ9,B07WNYNX31,1627752997154,False,0,[]
26,31892,dea393c88da3fc2a708b4703c9cdd80cc4dfac1c94e814eb032fed5f46826198,Three Stars,Gift.,3.0,NEUTRAL,AGEHJ24SMLEWEVRVZOEX5QTTEFYA,B01E4QVJPK,B00ADR2LV6,1486016615000,True,0,[]
27,33400,ddc379a45ebc3c9fb512b0c1591ac37828ea09d738df99270580ae93d4df0170,refill,great,5.0,POSITIVE,AGS73UVPSFIZER67LNJ7JOSKTXTQ,B00IX1I3G6,B00IX1I3G6,1573950340156,True,0,[]
28,34597,55c55cafb814b97418c4c7745ede09ddb12df2b2c7533ae2b6b6193ba2060e5c,Discount on reload always not valid,"I just hate and am discouraged by the fact that there are always great discounts on Gift Card Reload every month (e.g. for June 2016, 0616GCARDS buy USD50 get USD10 free) but it is always targeted very randomly or I believe only to those users rarely buying anything before, while being a regular buyer cannot enjoy the discount every time.",1.0,NEGATIVE,AF7ICZ4523AXIG2JUR7KJAOT4TFA,B00IX1I3G6,B00IX1I3G6,1465265338000,True,2,[]
29,39056,531bc59717d52249d62a1b6156c2dbdd0cced12a12553082e747ce1f4fd577e4,Five Stars,Wonderful birthday gift,5.0,POSITIVE,AH4JVY3BOG3WHPU6AXJ6BXKZBB5Q,B072L7NZQQ,B072L7NZQQ,1517600594499,True,0,[]
30,39871,d5e86398792908a2bc5340ee8f371764fcd9ec2a870ca91f04843ccce5cecb6b,Great gift,Bought it as a gift for my husband. He loved it.,5.0,POSITIVE,AHPKUAYTKCBY2DIPWTQQ7TDTSUOQ,B00JDQKH3C,B00JDQKH3C,1503372150985,True,0,[]
31,41591,43b402e111b336655634bd3f1e1477dfde5127f56444c711e57052ad63cb3091,Five Stars,Love the tin.,5.0,POSITIVE,AGYSSXP4U3KZQGEB7HMV25DEJC2A,B00JDQKELW,B00JDQKELW,1432308772000,True,0,[]
32,43317,d4bad0fc833520c71c3cd5feb2f328353ec12a19ba9da1b65400025caacba6d6,Missing information about how much each gift card is worth,"I purchased 5 gift cards of different values and when they arrived they were not labeled by amounts. I have to go back to the receipts, look up the skew numbers and identify how much each is worth. This is unnecessary nuisance.",3.0,NEUTRAL,AH4I5FDLBMFZ37R5QIRBVCWPTUZQ,B01K8RJDEI,B00ADR2LV6,1608684263204,True,0,[]
33,43969,cc75eaa296689347bc00e5211bd1360b22e816b9b2283e2e87bc0a301f23ee0f,Love this added card holder.,Always a perfect gift.,5.0,POSITIVE,AHKESSYEFMHI6A7NFSIJWHZHLJQA,B06ZYYZDZD,B06ZYYZDZD,1558279377567,True,0,[]
34,44569,dc28825a49f5bd41f4af33aa4a9169c6933ee94b64ffe43cd493481f47cc15cd,Don't ever put a lot of money on it and buy something,It was a huge pain in the butt trying to load and then when I tried to pay for something you wouldn't take it from the gift card you kept trying to charge my credit and debit cards and it ended up charging me fees up the wazoo and locking my account. So then I had to get my account unlocked all so I could go through it again so then I tried logging in from somewhere else and miraculously it worked fine. So all of that nonsense to buy my sons Christmas gift and now I'm out an extra $45. Otherwise it's usually great.,3.0,NEUTRAL,AHYJLI44VR7UAVUTST2V3VUSJ4FA,B00IX1I3G6,B00IX1I3G6,1550164841254,True,7,[]
35,44594,cb82c7217fd49bd17047dcef6e033883c36c80e94a95859f6b6e7e1c3f55c7fd,One Star,I didn't get my 2% or $10 bonus for refilling my balance.,1.0,NEGATIVE,AGKPP3C4UH4U4RN5UNKJ6UFSDPLQ,B00IX1I3G6,B00IX1I3G6,1511755389710,True,3,[]
36,44980,9e7594f208b8dc60a96ff67e640a144ff6b33f63c308cd86249aff48f6381182,Not great,Kinda cheap looking,3.0,NEUTRAL,AEZRQ7FWENVAGSHRM5D5U3QRUERA,B017CXT09O,B018Y7OGRI,1544823413859,True,0,[]
37,45612,1be0565b82144284b4c99482268f3d872ec4eb35c4f00d69aeb4dca36a508683,BEEN USED,DID'NT WORK SAIDMIY HAD BEEN USED,3.0,NEUTRAL,AGN4GSRDVOWKWSTMSGB43SE5S3BA,B07FKFR7L9,B077N4CNVJ,1602175723701,True,0,[]
38,45630,acec359443169fe902106a1334a9e0af9a395c200a62937cd6c2e381bcc51298,Deal,A deal if you can catch it,5.0,POSITIVE,AESERHCHSJXTQSG3OOM52WYEZ3LQ,B015784PJG,B00BXLW4Q8,1461258668000,True,0,[]
39,46659,46de0fcd12e16c45bf4f716d4c1e09ba51b5f44c25a0945ea1fb6168003f1781,The WORST,Couldn't activate online or over the phone. Had to talk to rep who read from script. Can't pay at the pump. That won't work for after-hours. Denied 3 times before it would work. Absolutely the worst gift card. Stick with vanilla or another that's ready to use. This was insane.,1.0,NEGATIVE,AHMSJTDZQ3PDF2LOMDOYT4NHOJBQ,B01MSBQB1P,B01MSBQB1P,1568723601034,True,0,[]
40,47442,6d0c517b42bfb8a561698d6efc62888cb2e146b950c68a2d01ad93aa7ae65c2b,Five Stars,great,5.0,POSITIVE,AEXTFNHNS3X43PHIFGSYGMP3BOFQ,B0160LI5T0,B0160LI5T0,1500401145111,True,0,[]
41,48107,11c9949d6a5a4313938cc7e4253cd7a67c4650bb86f081100015f97ee64848eb,Fraudulent schemes!!,I ordered this card once before & it worked fine. This time went to the gift card website as instructed & registered the card to my name & address within mins of doing so the $200.00 was gone. So yeah that's what fraud is some one ripped me off & Amazon won't help,1.0,NEGATIVE,AF4RORAIGFLAURWYT6Q5NBRN7CQA,B07HJD9FVV,B07HJD9FVV,1649744788349,True,6,[]
42,49831,5db4ee5412e34bbc8f2924584b6b83084da1c2282c0dad67af30b623c3a1208d,Good idea  for  quick gift,Very  easy,4.0,POSITIVE,AEMD3VW6BW3CJVJMAZY7LFNZIOWQ,B00IX1I3G6,B00IX1I3G6,1575985212999,True,0,[]
43,52071,eb4c6305af7a39b28a35ffb1baa24e04156fafe64521473431f02abc2fd5972b,Not a great gift,Did not receive credits for purchase,1.0,NEGATIVE,AH5UW2YBF74QF4N3MG4NFEIR7ZXQ,B00IX1I3G6,B00IX1I3G6,1624826728259,True,0,[]
44,53112,346d452c475affd87f8bd1a2304a8125b8181ff63269865d302b5a3e5e3b5185,Make it easier to use.,It was to hard to redeem without a card. Using email should not be so hard to redeem gift card than using a card.,3.0,NEUTRAL,AFOTLBSSVE6TSFQW2VPJ3AYJL4ZQ,B00IX1I3G6,B00IX1I3G6,1621538580845,True,0,[]
45,53285,6c65fc9a0b73f2751be256ffc8abb16ea883febd22cbc1b9c0662d9875c339eb,First time user friendly,It sucks only can use it once.,1.0,NEGATIVE,AGL6CPR566JJ5IQTWZ5CJEAV4CPA,B00IX1I3G6,B00IX1I3G6,1618874633151,True,0,[]
46,54004,efd9a96351f21a1cbb4cdb2d3c3f6b1ce6921354cc692314accb4d03f26e95c3,incentive discount,incentive discount,5.0,POSITIVE,AF7NUR3WYZ3E2C27K6THPTRXZ37A,B00IX1I3G6,B00IX1I3G6,1616462832401,True,0,[]
47,54275,b39d718e64530d3bd97e1110183257d0edb9f20a21dd935d917d1d7e61addb33,Did not complete the payment as requested and advertized.,I ordered a reload of $100 for the gift card. It stated that there would be a bonus $10 added to my account. The added $10 never was credited. I will not be doing this again.,2.0,NEGATIVE,AFLHSA4AXPXAY3RTKYIESO3MSRVQ,B00IX1I3G6,B00IX1I3G6,1616208223906,True,0,[]
48,54633,fe9a88f6fbb914e7ad9956fea596af135e02823986da77aa9dedbb47469a990a,So easy,Great to give and instant,5.0,POSITIVE,AEJJUVKERLIATYNMWBLHLAZ72FHA,B00IX1I3G6,B00IX1I3G6,1615120706221,True,0,[]
49,57637,d10e1eeccd995146b62622be76e9ad53a1918b11374afc0e5aca4996f37fbdbf,Money stolen from Visa gift card in less than 12 hrs.,"Thieves! I paid $206.00 for a prepaid $200. Debit card. I activated Friday night and all the money was stolen out of it by Saturday morning. I live in NY state and the money was  taken out in Washington state, right where it was purchased from. I'm not blaming Amazon, I'm blaming  Visa! I will never purchase a prepaid card again from them! Buyer beware!",1.0,NEGATIVE,AFEZIWNI4ACLFRZQZ3HLCQ7XK4DA,B07HJD9FVV,B07HJD9FVV,1659814295944,True,8,[]
50,59770,f5372a372d588d80c0352409093a3068124bed2fcba781d61c6e63ff4430e920,Gift with Meaning,Cute tin design for the gift card. Makes the gift that much special.,5.0,POSITIVE,AEQSXYOW62CFXQKKD4UMLEKLJR7A,B00CHQ7ESQ,B00CHQ7ESQ,1492297778000,True,0,[]
51,61370,370af7a6bff8b86a869185aed38338871b17269293bdf88207f918108820db6c,Five Stars,Well you know!,5.0,POSITIVE,AGXDWHBPOQ6I4VC3CVBARVKLVIVA,B00AR51Y5I,B00BXLW2AQ,1421471236000,True,0,[]
52,62616,960a77a0d34ae8da21796d6c4c8e24703f5776a2b2843bfd6a86cf1552d67650,jipped,i redeemed for a bracelt that was not what it looked like in the picture..I was supposed to get 20.00 back on my giftcard & I was only credited with 10.00.....?????,1.0,NEGATIVE,AGXTNDUXZIY6Y6GIDWOESPEZBFKA,B005S28ZES,B005S28ZES,1327681638000,False,1,[]
53,63091,6ecc83db168aa50983e244e6fe41f0a0dbccb2438977b6f8543e7d0febde4dd0,Choose a different box if you want it to look like a Christmas gift,"Even though the gift card itself has a &#34;holiday&#34; snow globe on it, the box looks like it is leftover from Halloween. I wish I had paid closer attention, it does not look like a Christmas gift at all.",3.0,NEUTRAL,AHTS7TOCEZ75Y7BYF3KQZQGSLC3A,B005ESMF5G,B005ESMF5G,1417479080000,False,0,[]
54,63400,574260f2a9a048708054cb797f0871c8875031fe7c9ad221936bd1ccdbe82941,Nice gift card,Seems to be a good gift card no issues,3.0,NEUTRAL,AFBZIWLR3BDILQKROD5UIC5EVKVA,B00IX1I3G6,B00IX1I3G6,1593201043415,True,0,[]
55,64150,b389462add70cd03f76ea7c7251434691c10ceb6996b7340bbba7086eca7e769,Three Stars,used it well,3.0,NEUTRAL,AFNTZTKMZIRDQJW36VL25ZR62VGQ,B005J02O00,BT00CTOUNS,1446297995000,True,0,[]
56,64475,8db32c172739552f7db22fb066e74178921e96378fb6843e95974a57584d7e73,Excellent Gift,Great,5.0,POSITIVE,AH33FCXO667UWPJCQJF5G2NXYIEA,B01K8RJDEI,B00ADR2LV6,1608476317052,True,0,[]
57,66386,ce46ff8670d8a696c4b79f667a65077550846db77a5d53458802b1b83b91d757,nice packaging,"Makes a very nice last minute, easy Christmas gift for year 2020!",5.0,POSITIVE,AGFY46NSQIF2FEGO4MFAQWOMEJ6Q,B01K8RJDEI,B00ADR2LV6,1607656868137,True,0,[]
58,67446,0359e425dad7e37791ffd8cd2372e74efd58e26146669c899966ee272f54bd30,A cute box and an ornament!,"What an ingenious way to gift a card to someone! There's no extra fees or surcharges involved...just whatever you spend on the card itself. Yet, so cute and different way to ""wrap""! I loved these little boxes to house the gift cards to my grandkids.",5.0,POSITIVE,AHRI3SEK6J6ZWPWYFMUWJOSXZJWQ,B07FK7L976,B00ADR2LV6,1671564838570,True,1,[]
59,69173,3cf9f3ea18353d82f6f2f2f46828ecc1f25fdfee24cebed3ae291b588b25eb33,The card is great of course but this tin has a big hole ...,The card is great of course but this tin has a big hole in the back to allow a bar code scan. Fine but the tin is useless other than  to give you something to wrap.,3.0,NEUTRAL,AHLEWF7ZDTRABSTUWT6OXGPHLVLA,B00JDQKH3C,B00JDQKH3C,1442079178000,True,0,[]
60,71135,4de1cc2e018d44c19dde560c784102d941d8f33885eb784ad7870a47675e9cb1,Was Easy and Useful,Allowed me to easily reload my balance.,5.0,POSITIVE,AHLBUWEEEK4T42FE2ILJCLS6NJXQ,B00IX1I3G6,B00IX1I3G6,1600729757631,True,0,[]
61,71262,cdf866a64eb9da22b3b49838a0495b480fc1ed45e308851bf3e1d8443c4e01af,easy to order and ship,"easy to order and ship, however was not given the option to include a note. Kind of weird  to send a gift card without the ability to include a note.",3.0,NEUTRAL,AG4DAMOMDMTHFKDHOHMGSYQJDMJQ,B01CUS4Z4G,B01B3DYSF0,1464495541000,True,81,[]
62,71383,1725e9c7f48230b8d0c97f0f895b535082fc19ff29eb9d6c40694cc718a48457,Fraud!,I purchased this card for Christmas and can’t use it! The card has been voided!,1.0,NEGATIVE,AHR5PS5HHJZEL6DCPSFY4QAAOZFA,B07SQF67DJ,B07SQF4GSP,1645289619420,True,0,[]
63,72031,09bd9f1d219329c4ce55ba8f486e1454b1aa56add776ad43498764b22d31353a,Four Stars,"Very cute tin, arrived quickly, but the gift tin was bent slightly.",4.0,POSITIVE,AFHXA5OHZFHCDHLN7VSZ6IEPQRVQ,B00JDQJVF2,B00JFBLZ90,1444150572000,True,2,[]
64,72096,421d3fb6538272cbd481f2364a1e74dcb0f73638741650db1065e5778aca2d4d,gift card,I did not order this item.,1.0,NEGATIVE,AFL7THDCEOLHDLQZYGOZG3F3FG2A,B00IX1I3G6,B00IX1I3G6,1592322802766,True,0,[]
65,73136,a3a8f00ccfcb7c02d332df116e4e7291a4a778a919c8dc7bc06f730329727b33,Gift card came in an envelope that was squished...,When I received the card and envelope they were squished and the gift card was bent.. pretty disappointing. This was suppose to be a gift and I can't give it to them looking like this.,2.0,NEGATIVE,AGC2QMKNLM477H6VNRYMDSVWJC7A,B005ISQ5SA,BT00CTOUNS,1384189100000,True,0,[]
66,73177,3b4c79ca4567cf4fb2ed3531f395836336c8885fa9492b058e133b85a26770a9,Great idea,Easy to utilize the reload option.,5.0,POSITIVE,AHJ7MNBOQVSOGWPAIR3T4CMHDNYQ,B00IX1I3G6,B00IX1I3G6,1540614522109,True,0,[]
67,73537,7f4cc4199f5208cbfc682605e9be3220f055018a7cd5169fe8a12121fad15c1a,Card is not usable,"Bought as a present, card has never worked, contacted arby's and they have been absolutely hideous to rectify the situation.  Meanwhile an extra $50 has been spent trying to use the card for orders at the drive-up window and inside service.  The card shows a credit of $50 when contacting their customer service department but doesn't scan in their machines at any nearby locations. I am unsure as how to rectify the situation through amazon....",1.0,NEGATIVE,AH7EAZH4EK3ZH6AEVBH4WPWIKMZA,B07K7Q59CF,B073DRZYFS,1607442088892,False,2,[]
68,73903,1c7cc5630bfbc316ca1afbb82f39d736a31ff72ec666cae660a58ccaf43d85aa,Great anniversary gift!,I gave it as an anniversary gift to my daughter and son-in-law. My daughter thanked me for it and told me they would use it at one of the restaurants. I like how convenient it was and how it gave my kids the opportunity to choose from so many restaurants.,5.0,POSITIVE,AF6MHFKVPR2MVJYC7EEZRUFCYDWQ,B076D39N8B,B00PG23QFI,1621947326907,True,1,[]
69,75538,0752c50e17aa02abd9e3fc581b4dcf89a01c5839c17c94a180ca99334d5b3bc7,They do not work at many places,"They just don't go through all the time. At restaurants, stores, and gas stations, they may not work.",3.0,NEUTRAL,AFTMF3VEHP4GIJDLEUEHRI7XNNRA,B01MSBQB1P,B01MSBQB1P,1675266828738,True,0,[]
70,75725,cec81a38f723a49f737f2d91a92fb8f68abcb7b4860cfb3e11960ac3379eed77,False promise,The promotion had stated you get some cash back on reload but never saw anything....,1.0,NEGATIVE,AFQ2PP37ZR5EN5ZGEIXBHQRJZ64Q,B00IX1I3G6,B00IX1I3G6,1539811336949,True,1,[]
71,75863,36fffd49e6f115dc087bfab0a9ea8a14bf69ce44dff62f381b892988b2d6ab9a,Better of buying at a Starbucks location.,"What a mess to get apart!  You're better off buying at a Starbucks location.  The four cards are glued together and even though it's supposed to be the kind of glue that rolls off easily IT DOES NOT.  It leaves two nasty, sticky, streaks on each card.",2.0,NEGATIVE,AHI6UGDGI2MMLZQQEF57HHDC6PCA,B00FTGTM5E,B00FTGTIOE,1467748183000,True,0,[]
72,77553,b2dcb898d6518b2b83bd9e63942cbd80fc582f3eb34a91414b4b3e306eec9452,Favorite gift card!!!!,"This is my go-to gift card. The box is great for any occasion!!! We use them for teacher gifts, birthdays, baby showers, etc.",5.0,POSITIVE,AGKPR52T3HCVP4WVUMEEI7AABIXQ,B0763VZ9Z7,B079PMF9VC,1558189830565,True,0,[]
73,78434,d775a949428f9bb2bed813d5b693cb951008ce1a36a7433d48c3ff31195d49ee,Three Stars,Did not purchase,3.0,NEUTRAL,AFAGLIDM2HNHXD2ATQ5VDRRCFPEA,B0078EPBHI,B00BXLTG8C,1528324701999,True,0,[]
74,79636,44fc7437f6c270944cba7a59f51cc3b84282d9d46d556429989661242adda4bd,Boo! Hiss!,I would never pay $10 for this!,1.0,NEGATIVE,AF7SPFKOVN6HAT3BHCKXRAOFLJQQ,B071NM2PNL,B071X4ZX3X,1608671640791,False,0,[]
75,80324,9fe98df6db0e0d1f5d90f2911af8c6b891e6ad9243e70629ebf1e0490b9cdd75,Gift,The gift box was crushed,3.0,NEUTRAL,AEAR6LU6PGEG3EZDWKFKA4R3U2JQ,B0719C5P56,B0719C5P56,1642622021957,True,1,[]
76,80881,f0678f518bb7e6dec5abc65f0017937240167f309aeb8234344280f1cd072c57,Easy to load.,"Easy way to split your payment up. Really easy to load, they don't have an outrageous minimum load requirement. Works well.",5.0,POSITIVE,AGFGZRZ7Z5XPTVEKXBTJYVMVPWPA,B00IX1I3G6,B00IX1I3G6,1463676206000,True,0,[]
77,81958,19348085861c3eed14c913109c141be28bb25ea88535cbc632ab735193df6694,Many thanks.,My daughter is thrilled for receiving this gift card. Thank you for your prompt delivery.,5.0,POSITIVE,AHQJZOFG6YZYMXBJRLMQDNUDJU2A,B00BXQIJ5S,B00BXQIGA6,1482968717000,True,0,[]
78,82195,4cbd1d433b9c2178414bb3d732ab62f57dd0aca070f4eb0bc841e1e761e97dd1,gift card,the one thing that I couldn't understand was why did it take so long just for a gift card to be delivery????,3.0,NEUTRAL,AGKFGPDD44CBDKOVHRLVBOKIHLFA,B01K8RKA9A,B01K8RKA9A,1577983291865,True,0,[]
79,83250,b8e35babb596d86510fb67a7dc998784e70973dcb58157a47b95b0bf27407675,The box looks fancy but the card gets stuck inside,I love how the box looks but the gift card was stuck inside. I had to open the entire box to get it out from inside. Thank God I checked at first. The gift recipient would've thought that I gave her an empty box lol,3.0,NEUTRAL,AHCLHJ4ZCIZUHLRWP4E75FUM3ARA,B06ZYZ1TKK,B073VBZM8J,1600646024732,True,0,[]
80,83426,ab97158d8b367b0b60fa3f639393e86a9e4e6752e375a13d51efa849a13cace6,Very hard to activate,Sent this to my son as a gift and it has taking all day to try and get it activated and still yet to get the information needed his birthday is about over,3.0,NEUTRAL,AERGMAY7FDMLWBN4EOSC5WWGQ5UQ,B01MSBQB1P,B01MSBQB1P,1648693184429,True,3,[]
81,86015,df66c3a5fafae8c95003050065cdbf45b1606c58f23892f844f8a5626b21c4f5,It worked!,"It's always a concern buying gift cards, will it go through or not? Will it be loaded? This one worked perfectly. Great& easy gift.",5.0,POSITIVE,AFAXN5MQWUIKTBAF7IGFUCPO27QQ,B0092KBPOE,B00BXLTPEC,1545927290878,True,1,[]
82,86072,5b7753548630b9b36d507e335fbca1c2d5b8e36464c6f662ed957d0d50399580,Love this restaurant!,Gift card worked!,5.0,POSITIVE,AHEZDBYL63YCR5CHDUKMYPTBEXLA,B00BXLVT3M,B00BXLVSME,1539913226075,True,1,[]
83,86196,d41ae648566d90a938f50f7fbc424b3a48ad4f82630c847207d78fa9f9a5e3d9,Fine,Fine,3.0,NEUTRAL,AEBSAW2EGDFRXOFTNFUMZNUQLFKA,B01K8RJDEI,B00ADR2LV6,1582814408025,True,0,[]
84,86980,8cebd14443ffd3f7102107d5fa9c413b9136335608e1140c43cddd0db28ef6aa,I only received9 cards and i couldl't find a way to contact Amazon to let them know.,buy gift cards in person,1.0,NEGATIVE,AEZAAYCS6JJXI3DM2EQZ2HITLMUQ,B07Y92XFRD,B071X4ZX3X,1626033129120,True,0,[]
85,86993,2e014e008631e0a21f63a5f9a3ea14ddc56973d69eab37e96cd82067f42ea744,Funny. What a joke,It sucked  I paid 500$ for something useless I want my money back,1.0,NEGATIVE,AFJDTJDDV2GOK4QW2CBZL2TIOKIQ,B06WVJBLBQ,B071X4ZX3X,1587563274565,True,1,[]
86,87105,f406833b00924b26595f62e9d96e1752fa19bce318d716073853fa3cdca41b1f,It make it easier to use on line,Tell me fail try again & again,3.0,NEUTRAL,AF4JE3SRYLXLICFIEUXVMWIFYWHA,B06WVJBLBQ,B071X4ZX3X,1607941668144,True,0,[]
87,87720,3b3d0cace19c673bf0511cf14699fb4763289aba2dd439cce1879b26e0c0517d,could not use a gift card,i could not activate my gift cards---please send me 2 more cards that will work.,1.0,NEGATIVE,AHOEQGIRLATJBWYWUTBJNCMHKF2A,B07Y93TM8M,B071X4ZX3X,1663099559153,True,0,[]
88,87884,492d05551a037663477dd60d7db7e8b22e04c5d109f0662996e36b359a78c8ce,Easy to gift,Good👍👍,5.0,POSITIVE,AFZ422PVVMEDNMBO45NKNBY3YXKA,B06WVJBLBQ,B071X4ZX3X,1582928315911,True,0,[]
89,88602,71ea080456103cea51c1b85f788e01c46a7e3f5ecf4e56b49eacd3b19a163a17,Bought through the Baby Registry,I purchased this gift card through the baby registry.  It was to be delivered to the parents-to-be who live a few hours away.  Now I have to mail this to them.  That was the whole reason I used the baby registry.,1.0,NEGATIVE,AFMK4ITMBPJIZUCV2BWOP7ZRPGTA,B06WVJBLBQ,B071X4ZX3X,1597695622733,True,0,[]
90,89349,0f9a95ac0176734e4539a003a4c749b2e4d1e454190f65a9e969bb8574956da5,Bar-B-Cutie gift card pkg problem,"The packaging around the gift card was torn and wrinkled.  I taped it back together the best I could and sent it as a gift to a Nashville, TN new home owner.  I apologized to my friend for the appearance of the gift card, but hoped that the Bar-B-Cutie experience was a good one.",3.0,NEUTRAL,AH5HYFWU56XETC6W77AHMMHAZW3Q,B00OGPXVQ0,B00OGPXTQM,1574103935294,True,0,[]
91,89453,51fe572cdca14c53f5782798b98444c8fd50080cde9f31ef70f57129778249ab,Great Card,How Can You Go Wrong With An Amazon Gift Card,5.0,POSITIVE,AGZ4O7GX5R6OOCS7TTM46EEYYT5A,B0719C5P56,B0719C5P56,1547014219318,True,0,[]
92,89465,65c6f2761ef1d2acce96ebd263149df9e315741f518fd4b61f4f7400eb017dea,GIFT CARD DID NOT WORK,This gift card was not redeemable. We tried entering the numbers and scanning the card. I do not know how to contact Amazon to get a refund.,1.0,NEGATIVE,AFPDO5I45ST7GVMAV7FBNKBID6NA,B08621FWD3,B0BT85F69N,1651961278422,True,0,[]
93,89860,ec26ad24a08317dacfb55c859d56b8ad00ca52cc97e28f268d42de218a8d61de,😕,Never purchased it,1.0,NEGATIVE,AF4HR6HKQ2XGN5C3QAANCE2DQYQA,B00IX1I3G6,B00IX1I3G6,1566773937680,True,1,[]
94,91164,d2f29e64e604ac2640302eeb90c59c800052795926d80a9d5b63622bbd4fbe6e,My gift card was not in the envelope for my nephew's 16th! He received only an envelope,I am not sure since my new phew only received and envelope for his birthday gift and no gift card - so upset.,1.0,NEGATIVE,AHXNZFSNXSRFOALM4D6BIBBNPNCA,B01K8RJVDQ,B077N4CNVJ,1636076096672,False,0,[]
95,91314,917572384cb2a97769c30034bff785def81c0cd88518588d2b1591329d759c71,Practicidad y Detalle,Llego muy rapido y luce muy agradable,3.0,NEUTRAL,AHO2IC6EKIC7CXRAKNNU6XHQSITA,B01K8RMDO0,B077N4CNVJ,1651287166949,True,0,[]
96,91998,a10d5d1726e88e30c9cc52571c36738fdfa47d6f8e89b4c0fdf5bd29b04dfad2,No money on cards,Amazon refunded gift cards without my consent!,1.0,NEGATIVE,AEUI3YCPVH2WFLYCZ5YWFA27F2HQ,B01K8RMDO0,B077N4CNVJ,1578911883463,True,1,[]
97,92292,5a6319caa0610c7a7036ece7e18f3eb45df2376e64450a847b9c0bc7fb393ba1,Great gift for anyone,Great way to gift,5.0,POSITIVE,AGYVW4Z3I4JYOXC5IQHCE7QSUKFQ,B072F9T6VX,B018F4M89S,1621574140115,True,1,[]
98,96655,dcf5df60f343f7507435f1748c6db17bb1dcd4c19297be2a60046833ff8f7e9b,Simple,It was a gift card...,5.0,POSITIVE,AFYO236X6364V66VZEWT4LSLYMXA,B01N9GY4GF,B01B3DYSF0,1561303682682,True,0,[]
99,96732,944784ed54cbea6725f2f813ba090d2ad0b350e0f4a90e7338debd048e10da6e,Hard to sort when you've ordered multiple designs and amounts,These gift cards were purchased for Christmas gifts.  However when they got here  the amount of each had to be compared to numbers on the invoice.  and the containers they were in were not as ordered.,3.0,NEUTRAL,AFO3D4MTMKIMS533Y2A3EEWLPMYA,B0091JKU5Q,B00ADR2LV6,1544408168767,False,0,[]
100,99155,13860819298bd7a34eaee45b1fff93b1f442941eb33a6232add5e4b307112cf3,"as described, arrived on time","as described, arrived on time",5.0,POSITIVE,AHHV5QWWSRS5I6KVYHN5XWWTFR7A,B00BXLTHA4,B00BXLTG8C,1424208493000,True,0,[]
101,99598,c2b36913ab845675e060499d80f09b54bbdb5a660cf40cefc939a431adcb9c9e,Frustrating,Was not redeemable,1.0,NEGATIVE,AHDKCLI335B6ITYZVRSMOOKFATYQ,B07GH6WX29,B07GH6WX29,1640296611160,True,0,[]
102,101209,fcd45d07adb14c616955161e732adc245e4db4ee4ed5761ae7f486a66ebe7be7,Five Stars,very good,5.0,POSITIVE,AEENXCAT2FMEJFQIBAGEPULYAHCQ,B00IX1I3G6,B00IX1I3G6,1490633293000,True,0,[]
103,102738,847559b991453ff5f8e684bc664f119a7b2b2eaa3c65bd7c38d32a162bf3080c,Ruby Tuesdays closing,Ruby Tuesdays is closing stores across the country. May not be the best purchase for your money.,1.0,NEGATIVE,AGNSDXNAIED3FBA332EMOX7WJ3JQ,B006PJHPV2,B00BXLVUZO,1471126526000,False,0,[]
104,102816,b273573ff3262d57446e94baf6d09ddfff6bc928bcd720402f93604bbcbc899f,Leave yourself time to match gifts to recipients!,"Gift card tin arrived with Santa bag on time. However, the recipient information was tossed in the package without any reference to the actual gifts. Luckily I knew which tag went with which gift, and the gift values weee the same. However, this was a problem for gifts sent directly to recipients. The only gifts which were properly marked were the gift-wrapped items, but even those arrived with extra recipient tags adding to confusion. We should not have to build-a-gift at these prices. Amazon, you can do much better than this!",3.0,NEUTRAL,AGW5TJGUJ4IT5QOHFNZFJZGGSS7Q,B01K8RJDEI,B00ADR2LV6,1545701787623,False,0,"[{""small_image_url"": ""https://images-na.ssl-images-amazon.com/images/I/71epFAGoUCL._SL256_.jpg"", ""medium_image_url"": ""https://images-na.ssl-images-amazon.com/images/I/71epFAGoUCL._SL800_.jpg"", ""large_image_url"": ""https://images-na.ssl-images-amazon.com/images/I/71epFAGoUCL.jpg"", ""attachment_type"": ""IMAGE""}]"
105,103093,9750d04ad3b0d64fd134ad4da30e9dcde642a548038c9636ec5277239a071492,I don't like how its set up but what can I do,We should have the choice to want to use our gift card. There should be some way to choose how you want to pay for your purchase. If there is a way how do I do it? I don't like how its set up but what can I do.,3.0,NEUTRAL,AFVMUUNQQIV4V4SYNSB5LF65MI2A,B00IX1I3G6,B00IX1I3G6,1483730818000,True,5,[]
106,104443,a022c9f3b9e13002ac53e410e86d01395306059bcd485416e8e983cf057cfbe9,If you do not receive it call immediately!,"They lost track of both of them, missed our event they were being used for.  1 1/2 week late.  Amazon customer service once we found how to call them were all over it.",2.0,NEGATIVE,AG6BDGNZXJCCJZC4TKHA2DLNMNBQ,B01MSBQB1P,B01MSBQB1P,1511677966204,True,0,[]
107,106242,e5c480a6dd5ff14198e888d016b6852747a7b56d59d6d61eece3ce88d235bc1a,One Star,Cancelled an order paid with my gift card but balance did not reload. Beware.,1.0,NEGATIVE,AFXKFMNRM2QLKHGJNXHMX36PD3DQ,B00IX1I3G6,B00IX1I3G6,1494746181000,True,0,[]
108,106516,9d17f394096caa2afb2a743747233ce6ae18f7f7d51f05e8fc8b416ecbcec2a0,No Gift,"This was supposed to be a gift card. I received notice from Amazon as well as a gift slip in the mail. When I clicked the flower pot, I was told to add $15 to my cart as though it was a purchase. I called Amaon and were unable to help me redeem the gift.",1.0,NEGATIVE,AE2KKP3HZCYN2DUEQHRE6H3RFQZQ,B01IE42ST4,B0BT85F69N,1654036003091,False,0,[]
109,106890,546a7a9d5063d861bc83c79ea5a5c7bdbf6147b51bf62d9bb266f98762f1a601,Can’t use entire amount,I won’t purchase this type of gift card on Amazon again. You must use the entire EXACT amount or under the purchased amount in one purchase. If you only spend 35$ of a 50$ gift card then the other 15$ is no longer available. My daughter has 15$ left and it is not usable.,3.0,NEUTRAL,AFEL4F5W2PLEVHB7NCSEIO7RFPWA,B08DJ4KKFF,B07JMV25V6,1673661163969,True,3,[]
110,107253,ce99e591482d5df977e7d49c37ebf6eb507b134e815a6b89ee4f58faa27c859e,The gift card was great - the card - not so much,"Sent an Amazon giftcard to my son-in-law - filled out the amazon bday card - went back and double checked - all good.  Giftcard arrives with no wording in the card.  Took 2 days to figure out (small writing on the packing info) where it came from.  Have NEVER had an issue with Amazon - was a little bummed the bday card was blank.  Even went back on my account and saw the ""note"" section for the card filled out.",3.0,NEUTRAL,AHZAR5B3SKYMMEIM4NW5PXJTABKA,BT00CTP2IU,BT00CTOUNS,1328057887000,True,0,[]
111,108789,4c49ad25fff6e4a901d6678cf65abb33527903ebe86c1cbde1e91369f23b4acf,It did not look like the card and package on the web site.,The card was bent and it did not come in a Silver Reveal as promised.,3.0,NEUTRAL,AHHUN2NONAY5TKCJUVKKOD2TF2HQ,B01JQSONCC,B018F4M89S,1550267092757,True,0,[]
112,110883,9203d0e6c342170189dc8eba6be9669faae868880df5863dc61910d7c4b748b6,SCAM!!!!!!!!!!,DO NOT BUY THEY DEACTIVATE IT BEFORE YOU GET IT.<br />Everyone is having problems I should of read reviews before buying but I didn’t think I had to. Thank you to the customer serious representative Sebastin for getting me my refund quick and easy.,1.0,NEGATIVE,AHMQH7RPJ3UBCP3IKDKJFKP3W2QA,B01MSBQB1P,B01MSBQB1P,1638973602692,True,0,[]
113,112634,8f68428fc1801379940e552cdee6b41e805dd2beb2ce91a6372b998f51933164,Recipient didn’t know what it was!,It wasn’ta real gift card,1.0,NEGATIVE,AEWYJCDRP6JBPROMWPTL7RXDIS5Q,B01C9MW8Z6,B00JFBLZ90,1665278329604,True,1,[]
114,114097,6a60f491e20e7e35d0b5078cdf1421279a3fe2fc856191b2d7ec37ac3ed36512,Its a gift card,... it’s a gift card ? Performed as advertised,3.0,NEUTRAL,AGU24FT2PEKNH4JXRVMGVIK6YRAA,B01K8RL9C2,B018F4H5DM,1537909174636,True,0,[]
115,114625,633bb8beb6e14680409ffe589140c731985f291aa58969a97fd5953e203dc885,Always works,This was a gift and it was well received.,5.0,POSITIVE,AGRNH27GHUK7A5BIZR2YWZZK3O7Q,B06XDVXPG3,B00BXLUNNY,1556324551366,True,0,[]
116,115166,6eb8c0577179d871f40b5b8a8a9bd9c309112675b78b592b1f2a9429057ebf85,Easy to uograde,Great design,5.0,POSITIVE,AEMESMSJWPH7DYCGJWJCUKLIRR7Q,B00IX1I3G6,B00IX1I3G6,1537022599550,True,0,"[{""small_image_url"": ""https://images-na.ssl-images-amazon.com/images/I/61BwmEd-iwL._SL256_.jpg"", ""medium_image_url"": ""https://images-na.ssl-images-amazon.com/images/I/61BwmEd-iwL._SL800_.jpg"", ""large_image_url"": ""https://images-na.ssl-images-amazon.com/images/I/61BwmEd-iwL.jpg"", ""attachment_type"": ""IMAGE""}, {""small_image_url"": ""https://images-na.ssl-images-amazon.com/images/I/71aBKu1v41L._SL256_.jpg"", ""medium_image_url"": ""https://images-na.ssl-images-amazon.com/images/I/71aBKu1v41L._SL800_.jpg"", ""large_image_url"": ""https://images-na.ssl-images-amazon.com/images/I/71aBKu1v41L.jpg"", ""attachment_type"": ""IMAGE""}]"
117,115637,102ff60624550ef841f182689be30bfbc81c7c7b591126960ed1f0f987aaa622,... and I'm sure my teen-aged grandkids will be very pleased. At there ages now,"The pop-up is really cute and I'm sure my teen-aged grandkids will be very pleased. At there ages now, I hardly know what they would like for Christmas. Thanks!",5.0,POSITIVE,AFNXXQAYX5RRLNWJ4HLILTM6FNAA,B01E4QP02S,B01E4QP02S,1512761174814,True,1,[]
118,117762,6c0f7aebb7bdc9cf4cf7ad37d1af579f85e500703a87143b9d2b7380be97f115,"Card arrives opened, what a miserable SCAM!!!","I received this card today and found the packaging was already opened. The pull tab that hides the bar code on the card was already removed, the same pull tab that says ""Do not sell if package has been tampered with or opened"". I called Nordstrom in attempts to validate the value on the card, if there is any, and they wanted a 16 digit number from the back of the card. This Nordstrom birthday ""Cake"" card has a copyright of 2018 and has a 30 digit number on the back, which Nordstrom is not able to validate.<br />This leaves me with a tampered with card that is likely completely WORTHLESS!<br /><br />The synopsis is, the card arrived opened and tampered with, 3 years old, and Nordstrom could not validate if there is any value on the card. This is a miserable SCAM!!!",1.0,NEGATIVE,AG7FLR35LBFIXH2FSTE274EW6TPQ,B07PDNH691,B00GOLH84U,1620424116610,True,3,[]
119,121291,3407320012056e8aee2953d9e6fd7187ba5306bb9c1f04346fc256b4db54d92f,I choosed this GC because i couldnt pay with two ...,"I choosed this GC because i couldnt pay with two CC. It took a couple of verification days and a phone call to be active, maybe because I dont live in the US.",3.0,NEUTRAL,AHMNKRDBD2YWBHOHLE6HPU236BVA,B00IX1I3G6,B00IX1I3G6,1470243957000,True,1,[]
120,122056,c75065d3da7e2a58789fa9e86d1bff6c29205fda81cd8f969f3c01bab754713d,No lo he podido enviar al destinatario y es para regalar,No lo pude enviar a la persona para la que lo adquirí,1.0,NEGATIVE,AFTCL7FI2LXMMH6XIPA3BESOZ4LQ,B086KKT3RX,B086KKT3RX,1648505167028,True,0,[]
121,122817,19467094497bd1b1cebf36effaf921617e648d8bd2c49f4dc80e110bfb75d7ec,Offer not received,"I increased my acct reload from my usual $25.00 to $50.00 because of the offer I responded to. The offer said I would receive an extra $8.00 in my acct if I added $40.00 or more to my acct. I did so, but did not get the extra. I was disappointed.",3.0,NEUTRAL,AFFQGDTTWZ3TXXO3C2CRLSPB6TGA,B086KKT3RX,B086KKT3RX,1656950787365,True,2,[]
122,122893,8f1d54af596d4c49ff73abf5683f485074d893fca51cac6f6453cff43419c9e4,Easy to reload amazon care,Very easy to load an amazon card,5.0,POSITIVE,AERL3M4GCSV2C2OQKJBTDFPEH2HA,B086KKT3RX,B086KKT3RX,1667236158775,True,0,[]
123,123339,cbcef996d156c2b5255c3f31740be4d112da37f3e005313bda1835725a1a65a9,Security,"Getting money to this card is what has and will be show stopped for me. Not enough security for your site, I refuse to use your service until it's made easier for to use.",3.0,NEUTRAL,AESOJCY24R6HLMSADBRAD2RFUZKQ,B086KKT3RX,B086KKT3RX,1651267734067,True,0,[]
124,123519,7700dbd7603af2b6bb735276dd3544b7e497a10f7f97bba5c61b552bef637f00,waST OF MY MONEY AN TIME,you all wouldnt let put it on my own credit card an had to put money from credit to the reload crap o an something elese i better get it back to my credit card because i returned the order because it was nothin but crap i wouldnt give that trash to eneyone that i know .,1.0,NEGATIVE,AHUVBFTGSYKTBJGCW42RPWLC6K4A,B086KKT3RX,B086KKT3RX,1654023403626,True,0,[]
125,124683,c76dc0393260db6961803268c15a4bc978dac38a9a1bb9a226178c847fdc705d,Paid $25 for a blank gift card,Went to the restaurant to use this gift card and there was no value added to it. Do not purchase. It’s a scam.,1.0,NEGATIVE,AEDYXWXCD63DFCGVRXRBNI77TJ5A,B07Q8KN5TJ,B07Q8KCGYT,1672606883373,True,1,[]
126,124803,0658c08c3009983826c0f416b26ebebdc916b6918ccc19f815999704ffcf95d5,One Star,could not book hotel stay with,1.0,NEGATIVE,AH7CLKDV474GZM6NCJR56SYLRKCA,B00GU301FK,B00GU2ZW7S,1410710583000,True,3,[]
127,124840,b557a9b75245847dd6dfd1e5402734161e8baeec7e46e4814fedd3f0b3673010,I was so happy when I saw this one with the description that ...,"The description indicated that the Punchcase would fit a Kindle.  Unfortunately it does not.  I have an original Kindle and it is difficult now to find cases that fit.  I was so happy when I saw this one with the description that it would fit a Kindle, but it did not.<br />I will say that your return policy is excellent and I thank you for that.",1.0,NEGATIVE,AEBVNPRLQAYI7CKGWS6RPMU6B5OA,B00IX1I3G6,B00IX1I3G6,1424636985000,True,0,[]
128,126091,f913a7f7d21cd054ad41f0eb45ff6d43d470052d327453a809e57548131e89da,Easy to reload,Ease of loading card,3.0,NEUTRAL,AGBYSL6KXMAEVPJHPLGDRWUM6M5A,B00IX1I3G6,B00IX1I3G6,1611434523024,True,0,[]
129,127308,4f994db3a3ae062df5ea443d77d375c9a4c1d0ca4912034aa8bdcb894dbbed18,Five Stars,beautiful,5.0,POSITIVE,AFVE7VDXZZW2GADYCUIOUQF3GC5Q,B00IX1I3G6,B00IX1I3G6,1485813611000,True,0,[]
130,128933,3b3db7212e399b9c9bafc9d474c28f7620ef196d921d10967c574eb0d757f92f,Five Stars,"Great gift for my son, he really liked the tin as well. Quick delivery by Amazon.",5.0,POSITIVE,AFEOG2T35RWTR4TO53UN55IMEEEA,B00JDQKELW,B00JDQKELW,1443584913000,True,0,[]
131,129362,974b181b78b799cd9ac46337eac1b0aee255b249b6e9584d714974744c0f5dc8,Uhh yea no thanks!,I’m not even going to do this whole process. It’s way worse.<br />Who are these mentally I’ll people that like this better now…?<br />It’s not worth the time  I used to be able to load from multiple places in a matter of minutes. Now it’d take much longer to add from a single source  …. Pretty stupid change Amazon. BOOOOOOOOO!!!👎👎👎👎👎,1.0,NEGATIVE,AES7QJC7E6GBLHYGGECR2XWBSYVA,B086KKT3RX,B086KKT3RX,1636842145429,False,1,[]
132,131596,21c1bdde676f76a6ba13b847f081f4b4bc7a9ac743b7ab1a86993d899ff2e95e,Question about my gift card!!,"The original amount of my gift card has not been accesses.  Why??  I would like to know the total balance left on the gift card, including the amount that was added.",1.0,NEGATIVE,AEB7XXWJL7HL4GVNWAPTXBS3ZDNQ,B00IX1I3G6,B00IX1I3G6,1424976522000,True,1,[]
133,132475,017659661a0caf8a1980cb4e5f16cbe694f3fac0ba391761bc8a2b714ea2c327,Five Stars,Quick and easy reload. No hassles. It was available almost instantly.,5.0,POSITIVE,AHKPAHBFDEWQGLO6ARCUVXRHIWUA,B00IX1I3G6,B00IX1I3G6,1458444218000,True,0,[]
134,133621,c983258cc05d8df37934ef22707dfc5ebafce534548773bc21c9f4bb3ff18490,Lmao sucks,Literally came bent in half thanks Amazon for an ungiftable gift🤩,1.0,NEGATIVE,AGB4X5HTHZK5SOGWGKK4J5HLQEGQ,B07DD6YZ7H,B073VBZM8J,1640403466631,True,0,[]
135,137041,72324cf847013ebcb98857f9caf61e4a4e14c560d1601647dd470fbd3b63007f,I think it is a good gift card,I think it is  a good gift card.,3.0,NEUTRAL,AHPIBEUCPN257T4HTMTIRZYV5ZDQ,B00KV30IHG,B00KV30IHG,1483393540000,True,2,[]
136,138335,5f6a888652fc0bdaddb4076401568ae4474ddb6a3e6da6d9fdfd45d79c5d9462,Gift cards,I had ordered $400 worth of gift cards and wanted to use the Believe card face and card because they were for my church employees.<br />I was unable to do that and received the kindle fire card face which was confusing to me how the gift card could be used and the free card was not appropriate for the church occasion.  I had called your customer service person and he could not understand that I was wanting to get an appropriate fee card but couldn’t make him understand what the problem was.  I gave up and bought 5 appropriate cards at my own expense.<br />I will try another method next year!  Nancy Lain,3.0,NEUTRAL,AGQSAUPHEN53N56WNUCXEBNPPX6Q,B00CHQ8RU0,BT00CTOUNS,1671117021195,True,0,[]
137,138506,e1c2dfb4175151a826ebedfefd75930967668eeb542bb6722dbc5b137f1d0fe3,Three Stars,"Card was great, unfortunately it got here 2 days after Christmas!",3.0,NEUTRAL,AE5DCRIH6EUGQCUFNADUPMQSFGLA,B01I4ACQHC,BT00CTOUNS,1485195519000,True,0,[]
138,138549,967811be17ac525c2df9cc3f55fdc1c1fd389bced95a9e57a7708b773ac607bf,Arrived on day promised,You have the option of them printing a message of your choosing in the card.  I did choose to write a few short words and the card arrived without the inscription inside.,3.0,NEUTRAL,AHTLEWJ62URAOOVRZ44ARNLVAQJQ,B005ISQ69I,BT00CTOUNS,1355236974000,False,0,[]
139,139115,d0bfa157460700de78a695ea0adc8305880614c53fdafdbbc50f17ca1c4f08ec,Perfect for Halloween!,Perfect color combo for Halloween. I was expecting a gold bow - as per picture -  but it is orange.<br />A gift card is a gift card but I will be shopping for new ribbon.,3.0,NEUTRAL,AEBHAYORONNVUU7AR4NZD5DPUSKQ,B0160LI5T0,B0160LI5T0,1511544293898,True,1,[]
140,142174,af0a101b40927eee3e39fe419d4f662a04279d0edadd5a8170b6ac0edbe7f8b7,it didnt work,it didnt work .the promotion that amazone was offering when you buy gift card get $20 it didnt work,1.0,NEGATIVE,AGK6JXOAN2F53WJK6IKXOL6FTEQQ,B00IX1I3G6,B00IX1I3G6,1544483718083,True,1,[]
141,142863,8f93c66113e92bf1c234171a2f2551d07bcf543c4ec85042611c4fcdccc9d1d1,Three Stars,I was very happy on how fast i got my reload.,3.0,NEUTRAL,AHMKY7PG747LM4KGLFN3GWV72FHQ,B00IX1I3G6,B00IX1I3G6,1471800405000,True,1,[]
142,143657,80001770ea3f02be62832f190e0649501ac2c34de7a6395a9315147c34dc7f6d,Five Stars,Was very pleased!,5.0,POSITIVE,AFA5N2SQJIJDF2NFUBCCPT54IT2A,B00IX1I3G6,B00IX1I3G6,1439932572000,True,0,[]
143,144624,4ca3f10b308f733088409bc12bd06cfeb582aaa74858413a7ad31586f8475fec,Purchase was good but my Credit card details compromised,Product is good but I used my credit card for this purchase and next day onwards my credit card was unauthorizedly getting swiped at DELIVEROO in GBP(pounds) first 38£ n then 24£..had to block my credit card and reported fraudulenttransactions on my credit card..until this purchase my card was very secure..I need help in highlighting this issue to Amazon Information Security team..any leads pls help,3.0,NEUTRAL,AFSJJNQBPDTDT24NEHVZOIRSLEUA,B07GH7JZ91,B07GH7JZ91,1625374780201,True,2,[]
144,146307,fcccb275f651684acfccc2245db18bf88a1003cf4e73e69df8367d13b8c43ce5,Wouldn’t buy,Not as strong as i would like it to be.,3.0,NEUTRAL,AGLN6VCRXW5MEIUUNIULTAKIUM4A,B08HLG3H74,B08HLG3H74,1609252079798,True,0,[]
145,146594,d4cf8997815a753fee1eacf139d0295dceb4b39b2a2c72db044d331aa53ee186,Did not receive promo -,Received gift card but not the $10 credit.  AMazon makes it difficult to reach them and get assistance.,1.0,NEGATIVE,AGDG5RR7ZQ3DCLD6DIGOHWQEDW4Q,B01E4QP02S,B01E4QP02S,1579014990466,True,0,[]
146,146614,55a7a1781d10f0bd3ccff90851d9588e22a1b7bc67b0f674a23f54cb41b4ac77,I was very disappointed by the wrap and tag,The item arrived quickly.  I was very disappointed by the wrap and tag.....tag was mostly unreadable.  I will have to change it. I paid extra for the wrap.,3.0,NEUTRAL,AEO676DEZV5Z4H35DRBQUL6SGJTA,B01E4QP02S,B01E4QP02S,1511926136829,False,0,[]
147,150174,7df9eedb2620d9c1841a063e583839a9426ad7714dc107ab4b033f406e374efe,BEWARE - Card Not Activated,"When I went to use this card, the restaurant wasn't able to process it. I called the number on the back and was informed this card had never been activated and has no value.",1.0,NEGATIVE,AGE435XERSRPRXVW73WF5S7DWL7A,B09KHR2K5Y,B09HLHDG3H,1679445519869,True,3,[]
148,150811,cd9f456fc64fd9e6c6910ee6b314a99d52d883ac7e33a12b607098d358d60542,NEVER ON TIME!,It’s useless to purchase a gift card from Amazon they’re never on time even though it says it will be…I will be mailing gifts to my grand baby’s from now on so they won’t be late! Screw these damn cards!,1.0,NEGATIVE,AGUA4N45ZSNXALYRRFSZMRETFAAQ,B07DDC8FJM,B073VBZM8J,1688863632474,False,0,[]
149,151711,977189191dbcad7f39e3eb0ec27acf0e1b6cf143c9a4914feba0a5db2455eb11,Scam,Do not buy this gift card got it set a pin and a day after I set the pin it got declined when I called I was told that my card had been used on a gaming website. In order to dispute it I have to fill out a form and send proof of purchase then maybe in 30 to 90 days I might get a new card this is total bs,1.0,NEGATIVE,AGVHQVV34HDKSKVQSO7X46WUCZNQ,B07HJD9FVV,B07HJD9FVV,1677804896142,True,1,[]
150,151973,7c30a14f8735db5b4562468860f5271ef21d5c6db870ad005c8093485d6647bc,Like the convenience of no wrapping,"All were for gifts.  Like the convenience of no wrapping, being able to put them in the Christmas stockings...plus the good looks",5.0,POSITIVE,AFXKVBVDWYQOYWOKX4OSP5B7KATA,B01K8RJDEI,B00ADR2LV6,1520514583610,True,0,[]
